{"cameraMode":{"drawMode":0,"name":"Shaded","section":"Shading Mode"},"sceneLighting":true,"audioPlay":false,"sceneViewState":{"showFog":true,"showMaterialUpdate":false,"showSkybox":true,"showFlares":true,"showImageEffects":true,"showParticleSystems":true},"in2DMode":false,"pivot":{"x":56.16040802001953,"y":37.781944274902347,"z":-24.884231567382814},"rotation":{"x":0.22827129065990449,"y":0.07497979700565338,"z":-0.01763555407524109,"w":0.9705476760864258},"size":611.5817260742188,"orthographic":false}